{"cameraMode":{"drawMode":0,"name":"Shaded","section":"Shading Mode"},"sceneLighting":false,"audioPlay":false,"sceneViewState":{"m_AlwaysRefresh":false,"showFog":true,"showSkybox":false,"showFlares":true,"showImageEffects":true,"showParticleSystems":true,"showVisualEffectGraphs":true,"m_FxEnabled":true},"in2DMode":false,"pivot":{"x":-1.659019947052002,"y":31.514415740966798,"z":-24.89982795715332},"rotation":{"x":-0.13308000564575196,"y":-0.07073406875133515,"z":0.009650222025811673,"w":-0.9886701107025147},"size":0.8660253882408142,"orthographic":false}