{"count":1,"self":190.5256192,"total":192.2566446,"children":{"InitializeActuators":{"count":6,"self":0.0020017,"total":0.0020017,"children":null},"InitializeSensors":{"count":6,"self":0.0020025999999999998,"total":0.0020025999999999998,"children":null},"AgentSendState":{"count":8452,"self":0.0684391,"total":0.1571603,"children":{"CollectObservations":{"count":3234,"self":0.070549199999999992,"total":0.070549199999999992,"children":null},"WriteActionMask":{"count":3234,"self":0.0040038999999999995,"total":0.0040038999999999995,"children":null},"RequestDecision":{"count":3234,"self":0.0141681,"total":0.0141681,"children":null}}},"DecideAction":{"count":8452,"self":1.4903393999999999,"total":1.4903393999999999,"children":null},"AgentAct":{"count":8452,"self":0.079524299999999992,"total":0.079524299999999992,"children":null}},"gauges":{"ArcadeDriver.CumulativeReward":{"count":817,"max":50.50134,"min":-15.89818,"runningAverage":-5.968759,"value":-8.08593,"weightedAverage":-7.30109358}},"metadata":{"timer_format_version":"0.1.0","start_time_seconds":"1655589194","unity_version":"2021.3.1f1","command_line_arguments":"C:\\Program Files\\Unity\\Hub\\Editor\\2021.3.1f1\\Editor\\Unity.exe -projectpath E:\\StreamChaosRaces\\StreamChaosRaces -useHub -hubIPC -cloudEnvironment production -licensingIpc LicenseClient-julia -hubSessionId 1f093310-eee9-11ec-9ef9-0fe8095fa93e -accessToken xsi3p3p71_QjieCiss-S4nq-XabAMqpYjubRz15nocE006f","communication_protocol_version":"1.5.0","com.unity.ml-agents_version":"2.0.1","scene_name":"Circuito","end_time_seconds":"1655589386"}}