{
    "name": "root",
    "metadata": {
        "timer_format_version": "0.1.0",
        "start_time_seconds": "1653337741",
        "python_version": "3.10.1 (tags/v3.10.1:2cd268a, Dec  6 2021, 19:10:37) [MSC v.1929 64 bit (AMD64)]",
        "command_line_arguments": "E:\\python-envs\\mlagents-env\\Scripts\\mlagents-learn config/racecar_config.yaml --run-id=RaceCar --resume",
        "mlagents_version": "0.28.0",
        "mlagents_envs_version": "0.28.0",
        "communication_protocol_version": "1.5.0",
        "pytorch_version": "1.11.0+cu115",
        "numpy_version": "1.22.3",
        "end_time_seconds": "1653337764"
    },
    "total": 23.314121900002647,
    "count": 1,
    "self": 0.0048181000020122156,
    "children": {
        "run_training.setup": {
            "total": 0.07875570000032894,
            "count": 1,
            "self": 0.07875570000032894
        },
        "TrainerController.start_learning": {
            "total": 23.230548100000306,
            "count": 1,
            "self": 0.022039299954485614,
            "children": {
                "TrainerController._reset_env": {
                    "total": 6.261714699998265,
                    "count": 1,
                    "self": 6.261714699998265
                },
                "TrainerController.advance": {
                    "total": 16.781658800049627,
                    "count": 2184,
                    "self": 0.020204700056638103,
                    "children": {
                        "env_step": {
                            "total": 12.785124100133544,
                            "count": 2184,
                            "self": 7.12741370000731,
                            "children": {
                                "SubprocessEnvManager._take_step": {
                                    "total": 5.642872899901704,
                                    "count": 2184,
                                    "self": 0.06924359979166184,
                                    "children": {
                                        "TorchPolicy.evaluate": {
                                            "total": 5.573629300110042,
                                            "count": 2184,
                                            "self": 1.8365810002360377,
                                            "children": {
                                                "TorchPolicy.sample_actions": {
                                                    "total": 3.7370482998740044,
                                                    "count": 2184,
                                                    "self": 3.7370482998740044
                                                }
                                            }
                                        }
                                    }
                                },
                                "workers": {
                                    "total": 0.014837500224530231,
                                    "count": 2183,
                                    "self": 0.0,
                                    "children": {
                                        "worker_root": {
                                            "total": 14.863984600109688,
                                            "count": 2183,
                                            "is_parallel": true,
                                            "self": 11.723481200067909,
                                            "children": {
                                                "steps_from_proto": {
                                                    "total": 0.00035760000173468143,
                                                    "count": 1,
                                                    "is_parallel": true,
                                                    "self": 0.00018000001000473276,
                                                    "children": {
                                                        "_process_rank_one_or_two_observation": {
                                                            "total": 0.00017759999172994867,
                                                            "count": 4,
                                                            "is_parallel": true,
                                                            "self": 0.00017759999172994867
                                                        }
                                                    }
                                                },
                                                "UnityEnvironment.step": {
                                                    "total": 3.1401458000400453,
                                                    "count": 2183,
                                                    "is_parallel": true,
                                                    "self": 0.09600139996473445,
                                                    "children": {
                                                        "UnityEnvironment._generate_step_input": {
                                                            "total": 0.07913919993734453,
                                                            "count": 2183,
                                                            "is_parallel": true,
                                                            "self": 0.07913919993734453
                                                        },
                                                        "communicator.exchange": {
                                                            "total": 2.577723600101308,
                                                            "count": 2183,
                                                            "is_parallel": true,
                                                            "self": 2.577723600101308
                                                        },
                                                        "steps_from_proto": {
                                                            "total": 0.38728160003665835,
                                                            "count": 2183,
                                                            "is_parallel": true,
                                                            "self": 0.22713389940327033,
                                                            "children": {
                                                                "_process_rank_one_or_two_observation": {
                                                                    "total": 0.160147700633388,
                                                                    "count": 8732,
                                                                    "is_parallel": true,
                                                                    "self": 0.160147700633388
                                                                }
                                                            }
                                                        }
                                                    }
                                                }
                                            }
                                        }
                                    }
                                }
                            }
                        },
                        "trainer_advance": {
                            "total": 3.976329999859445,
                            "count": 2183,
                            "self": 0.02494599983765511,
                            "children": {
                                "process_trajectory": {
                                    "total": 0.1512920000241138,
                                    "count": 2183,
                                    "self": 0.1512920000241138
                                },