{
    "name": "root",
    "gauges": {
        "raceCar.Policy.Entropy.mean": {
            "value": 0.7278844118118286,
            "min": 0.08183074742555618,
            "max": 2.04280948638916,
            "count": 90
        },
        "raceCar.Policy.Entropy.sum": {
            "value": 2894.068359375,
            "min": 330.5962219238281,
            "max": 8236.607421875,
            "count": 90
        },
        "raceCar.Step.mean": {
            "value": 359992.0,
            "min": 3968.0,
            "max": 359992.0,
            "count": 90
        },
        "raceCar.Step.sum": {
            "value": 359992.0,
            "min": 3968.0,
            "max": 359992.0,
            "count": 90
        },
        "raceCar.Policy.ExtrinsicValueEstimate.mean": {
            "value": -19.047119140625,
            "min": -20.471702575683594,
            "max": 0.010090618394315243,
            "count": 90
        },
        "raceCar.Policy.ExtrinsicValueEstimate.sum": {
            "value": -1199.968505859375,
            "min": -1289.71728515625,
            "max": 0.6357089877128601,
            "count": 90
        },
        "raceCar.Losses.PolicyLoss.mean": {
            "value": 0.24540236397115223,
            "min": 0.23350466843236845,
            "max": 0.2569879051601559,
            "count": 90
        },
        "raceCar.Losses.PolicyLoss.sum": {
            "value": 7.852875647076871,
            "min": 7.238644721403422,
            "max": 8.155815423025665,
            "count": 90
        },
        "raceCar.Losses.ValueLoss.mean": {
            "value": 0.17696721120944403,
            "min": 0.0028697425332920986,
            "max": 2.463670325201022,
            "count": 90
        },
        "raceCar.Losses.ValueLoss.sum": {
            "value": 5.662950758702209,
            "min": 0.09183176106534716,
            "max": 76.37378008123169,
            "count": 90
        },
        "raceCar.Policy.LearningRate.mean": {
            "value": 8.519527160159999e-05,
            "min": 8.519527160159999e-05,
            "max": 0.00029877120040959997,
            "count": 90
        },
        "raceCar.Policy.LearningRate.sum": {
            "value": 0.0027262486912511996,
            "min": 0.0027161637946128,
            "max": 0.009261907212697599,
            "count": 90
        },
        "raceCar.Policy.Epsilon.mean": {
            "value": 0.12839840000000002,
            "min": 0.12839840000000002,
            "max": 0.1995904,
            "count": 90
        },
        "raceCar.Policy.Epsilon.sum": {
            "value": 4.108748800000001,
            "min": 4.0053872,
            "max": 6.2847488,
            "count": 90
        },
        "raceCar.Policy.Beta.mean": {
            "value": 0.0005,
            "min": 0.0005,
            "max": 0.0005000000000000001,
            "count": 90
        },
        "raceCar.Policy.Beta.sum": {
            "value": 0.016,
            "min": 0.015500000000000003,
            "max": 0.016,
            "count": 90
        },
        "raceCar.IsTraining.mean": {
            "value": 1.0,
            "min": 1.0,
            "max": 1.0,
            "count": 90
        },
        "raceCar.IsTraining.sum": {
            "value": 1.0,
            "min": 1.0,
            "max": 1.0,
            "count": 90
        },
        "raceCar.Environment.EpisodeLength.mean": {
            "value": 4999.0,
            "min": 4999.0,
            "max": 4999.0,
            "count": 72
        },
        "raceCar.Environment.EpisodeLength.sum": {
            "value": 4999.0,
            "min": 4999.0,
            "max": 4999.0,
            "count": 72
        },
        "raceCar.Environment.CumulativeReward.mean": {
            "value": -661.4000582695007,
            "min": -1219.8999621868134,
            "max": -1.0,
            "count": 71
        },
        "raceCar.Environment.CumulativeReward.sum": {
            "value": -661.4000582695007,
            "min": -1219.8999621868134,
            "max": -1.0,
            "count": 71
        },
        "raceCar.Policy.ExtrinsicReward.mean": {
            "value": -661.4000582695007,
            "min": -1219.8999621868134,
            "max": -1.0,
            "count": 71
        },
        "raceCar.Policy.ExtrinsicReward.sum": {
            "value": -661.4000582695007,
            "min": -1219.8999621868134,
            "max": -1.0,
            "count": 71
        }
    },
    "metadata": {
        "timer_format_version": "0.1.0",
        "start_time_seconds": "1653568193",
        "python_version": "3.10.1 (tags/v3.10.1:2cd268a, Dec  6 2021, 19:10:37) [MSC v.1929 64 bit (AMD64)]",
        "command_line_arguments": "E:\\python-envs\\mlagents-env\\Scripts\\mlagents-learn config/racecar_config.yaml --run-id=RaceCar",
        "mlagents_version": "0.28.0",
        "mlagents_envs_version": "0.28.0",
        "communication_protocol_version": "1.5.0",
        "pytorch_version": "1.11.0+cu115",
        "numpy_version": "1.22.3",
        "end_time_seconds": "1653570487"
    },
    "total": 2293.417684799999,
    "count": 1,
    "self": 0.004444999998668209,
    "children": {
        "run_training.setup": {
            "total": 0.0777170000001206,
            "count": 1,
            "self": 0.0777170000001206
        },
        "TrainerController.start_learning": {
            "total": 2293.3355228,
            "count": 1,
            "self": 3.751971499368665,
            "children": {
                "TrainerController._reset_env": {
                    "total": 6.834381399999984,
                    "count": 1,
                    "self": 6.834381399999984
                },
                "TrainerController.advance": {
                    "total": 2282.598930400629,
                    "count": 360651,
                    "self": 3.507259599155077,
                    "children": {
                        "env_step": {
                            "total": 1596.287445100963,
                            "count": 360651,
                            "self": 635.5936876010237,
                            "children": {
                                "SubprocessEnvManager._take_step": {
                                    "total": 958.2055055003912,
                                    "count": 360651,
                                    "self": 11.737796700541367,
                                    "children": {
                                        "TorchPolicy.evaluate": {
                                            "total": 946.4677087998498,
                                            "count": 360651,
                                            "self": 407.50782639987665,
                                            "children": {
                                                "TorchPolicy.sample_actions": {
                                                    "total": 538.9598823999731,
                                                    "count": 360651,
                                                    "self": 538.9598823999731
                                                }
                                            }
                                        }
                                    }
                                },
                                "workers": {
                                    "total": 2.4882519995480834,
                                    "count": 360650,
                                    "self": 0.0,
                                    "children": {
                                        "worker_root": {
                                            "total": 2278.6038014987353,
                                            "count": 360650,
                                            "is_parallel": true,
                                            "self": 1830.647784698136,