{
    "name": "root",
    "gauges": {
        "raceCar.Policy.Entropy.mean": {
            "value": 0.4379899203777313,
            "min": 0.19886472821235657,
            "max": 0.7947303056716919,
            "count": 32
        },
        "raceCar.Policy.Entropy.sum": {
            "value": 1769.479248046875,
            "min": 790.6861572265625,
            "max": 2623.16943359375,
            "count": 32
        },
        "raceCar.Step.mean": {
            "value": 499992.0,
            "min": 375952.0,
            "max": 499992.0,
            "count": 32
        },
        "raceCar.Step.sum": {
            "value": 499992.0,
            "min": 375952.0,
            "max": 499992.0,
            "count": 32
        },
        "raceCar.Policy.ExtrinsicValueEstimate.mean": {
            "value": -8.772923469543457,
            "min": -17.922733306884766,
            "max": -5.721746921539307,
            "count": 32
        },
        "raceCar.Policy.ExtrinsicValueEstimate.sum": {
            "value": -561.4671020507812,
            "min": -1147.054931640625,
            "max": -213.70172119140625,
            "count": 32
        },
        "raceCar.Losses.PolicyLoss.mean": {
            "value": 0.2328617254449113,
            "min": 0.2328617254449113,
            "max": 0.25694846992964454,
            "count": 32
        },
        "raceCar.Losses.PolicyLoss.sum": {
            "value": 7.451575214237161,
            "min": 3.8271496578559487,
            "max": 7.998033740347754,
            "count": 32
        },
        "raceCar.Losses.ValueLoss.mean": {
            "value": 2.6960684602307037,
            "min": 0.01873380881565724,
            "max": 15.55384317824134,
            "count": 32
        },
        "raceCar.Losses.ValueLoss.sum": {
            "value": 86.27419072738252,
            "min": 0.5807480732853745,
            "max": 233.3076476736201,
            "count": 32
        },
        "raceCar.Policy.LearningRate.mean": {
            "value": 1.1988996004000006e-06,
            "min": 1.1988996004000006e-06,
            "max": 7.50048749984e-05,
            "count": 32
        },
        "raceCar.Policy.LearningRate.sum": {
            "value": 3.836478721280002e-05,
            "min": 3.836478721280002e-05,
            "max": 0.0023423640192127997,
            "count": 32
        },
        "raceCar.Policy.Epsilon.mean": {
            "value": 0.1003996,
            "min": 0.1003996,
            "max": 0.12500160000000002,
            "count": 32
        },
        "raceCar.Policy.Epsilon.sum": {
            "value": 3.2127872,
            "min": 1.8750240000000002,
            "max": 3.9807872,
            "count": 32
        },
        "raceCar.Policy.Beta.mean": {
            "value": 0.0005,
            "min": 0.0005,
            "max": 0.0005000000000000002,
            "count": 32
        },
        "raceCar.Policy.Beta.sum": {
            "value": 0.016,
            "min": 0.007500000000000003,
            "max": 0.016,
            "count": 32
        },
        "raceCar.IsTraining.mean": {
            "value": 1.0,
            "min": 1.0,
            "max": 1.0,
            "count": 32
        },
        "raceCar.IsTraining.sum": {
            "value": 1.0,
            "min": 1.0,
            "max": 1.0,
            "count": 32
        },
        "raceCar.Environment.EpisodeLength.mean": {
            "value": 4999.0,
            "min": 4999.0,
            "max": 4999.0,
            "count": 25
        },
        "raceCar.Environment.EpisodeLength.sum": {
            "value": 4999.0,
            "min": 4999.0,
            "max": 4999.0,
            "count": 25
        },
        "raceCar.Environment.CumulativeReward.mean": {
            "value": -223.90001726150513,
            "min": -922.200080871582,
            "max": -223.90001726150513,
            "count": 25
        },
        "raceCar.Environment.CumulativeReward.sum": {
            "value": -223.90001726150513,
            "min": -922.200080871582,
            "max": -223.90001726150513,
            "count": 25
        },
        "raceCar.Policy.ExtrinsicReward.mean": {
            "value": -223.90001726150513,
            "min": -922.200080871582,
            "max": -223.90001726150513,
            "count": 25
        },
        "raceCar.Policy.ExtrinsicReward.sum": {
            "value": -223.90001726150513,
            "min": -922.200080871582,
            "max": -223.90001726150513,
            "count": 25
        }
    },
    "metadata": {
        "timer_format_version": "0.1.0",
        "start_time_seconds": "1653903910",
        "python_version": "3.10.1 (tags/v3.10.1:2cd268a, Dec  6 2021, 19:10:37) [MSC v.1929 64 bit (AMD64)]",
        "command_line_arguments": "E:\\python-envs\\mlagents-env\\Scripts\\mlagents-learn config/racecar_config.yaml --run-id=RaceCar --resume",
        "mlagents_version": "0.28.0",
        "mlagents_envs_version": "0.28.0",
        "communication_protocol_version": "1.5.0",
        "pytorch_version": "1.11.0+cu115",
        "numpy_version": "1.22.3",
        "end_time_seconds": "1653904742"
    },
    "total": 835.9937835000001,
    "count": 1,
    "self": 0.12417360000017652,
    "children": {
        "run_training.setup": {
            "total": 0.23882579999997233,
            "count": 1,
            "self": 0.23882579999997233
        },
        "TrainerController.start_learning": {
            "total": 835.6307840999999,
            "count": 1,
            "self": 1.3234835000672547,
            "children": {
                "TrainerController._reset_env": {
                    "total": 20.191824200000042,
                    "count": 1,
                    "self": 20.191824200000042
                },
                "TrainerController.advance": {
                    "total": 813.9778280999327,
                    "count": 126088,
                    "self": 1.2540760998928135,
                    "children": {
                        "env_step": {
                            "total": 569.2992720000046,
                            "count": 126088,
                            "self": 239.78349520005565,
                            "children": {
                                "SubprocessEnvManager._take_step": {
                                    "total": 328.61095850000015,
                                    "count": 126088,
                                    "self": 4.149895499977902,
                                    "children": {
                                        "TorchPolicy.evaluate": {
                                            "total": 324.46106300002225,
                                            "count": 126088,
                                            "self": 126.53584690003254,
                                            "children": {
                                                "TorchPolicy.sample_actions": {
                                                    "total": 197.9252160999897,
                                                    "count": 126088,
                                                    "self": 197.9252160999897
                                                }
                                            }
                                        }
                                    }
                                },
                                "workers": {
                                    "total": 0.904818299948829,
                                    "count": 126088,
                                    "self": 0.0,
                                    "children": {
                                        "worker_root": {
                                            "total": 818.9491785999651,
                                            "count": 126088,
                                            "is_parallel": true,
                                            "self": 646.5937070999394,