{"cameraMode":{"drawMode":0,"name":"Shaded","section":"Shading Mode"},"sceneLighting":false,"audioPlay":false,"sceneViewState":{"m_AlwaysRefresh":false,"showFog":true,"showSkybox":false,"showFlares":true,"showImageEffects":true,"showParticleSystems":true,"showVisualEffectGraphs":true,"m_FxEnabled":true},"in2DMode":false,"pivot":{"x":0.49668994545936587,"y":-0.6288584470748901,"z":-3.415782928466797},"rotation":{"x":0.5441308617591858,"y":0.37025129795074465,"z":-0.29387596249580386,"w":0.6939341425895691},"size":2.3068864345550539,"orthographic":false}