{"cameraMode":{"drawMode":0,"name":"Shaded","section":"Shading Mode"},"sceneLighting":false,"audioPlay":false,"sceneViewState":{"m_AlwaysRefresh":false,"showFog":true,"showSkybox":false,"showFlares":true,"showImageEffects":true,"showParticleSystems":true,"showVisualEffectGraphs":true,"m_FxEnabled":true},"in2DMode":false,"pivot":{"x":0.013251013122498989,"y":0.9076465964317322,"z":-2.9634740352630617},"rotation":{"x":0.4948093891143799,"y":0.35508695244789126,"z":-0.23490551114082337,"w":0.7582648396492004},"size":2.484485626220703,"orthographic":false}